<?xml version="1.0" encoding="UTF-8"?>
<project-private xmlns="http://www.netbeans.org/ns/project-private/1">
    <editor-bookmarks xmlns="http://www.netbeans.org/ns/editor-bookmarks/2" lastBookmarkId="0"/>
    <open-files xmlns="http://www.netbeans.org/ns/projectui-open-files/2">
        <group>
            <file>file:/C:/Users/ASUS/OneDrive/Dokumen/NetBeansProjects/Projek/src/Auth/Login.java</file>
            <file>file:/C:/Users/ASUS/OneDrive/Dokumen/NetBeansProjects/Projek/src/sirajasa_model/BOOKING.java</file>
            <file>file:/C:/Users/ASUS/OneDrive/Dokumen/NetBeansProjects/Projek/src/sirajasa_model/Penyewa.java</file>
            <file>file:/C:/Users/ASUS/OneDrive/Dokumen/NetBeansProjects/Projek/src/Transaksi/RIWAYAT.java</file>
            <file>file:/C:/Users/ASUS/OneDrive/Dokumen/NetBeansProjects/Projek/src/sirajasa_model/PILIHAN_JASA.java</file>
            <file>file:/C:/Users/ASUS/OneDrive/Dokumen/NetBeansProjects/Projek/src/User/USER.java</file>
            <file>file:/C:/Users/ASUS/OneDrive/Dokumen/NetBeansProjects/Projek/src/sirajasa_model/JADWAL_JASA.java</file>
            <file>file:/C:/Users/ASUS/OneDrive/Dokumen/NetBeansProjects/Projek/src/Transaksi/PEMBAYARAN.java</file>
        </group>
    </open-files>
</project-private>
